id,name,model_id:id,group_id:id,perm_read,perm_write,perm_create,perm_unlink
access_stock_quant_salesman,stock.quant.salesman,stock_account.model_stock_quant,sales_team.group_sale_salesman_all_leads,1,1,1,1
access_account_move_salesman,account.move.salesman,account.model_account_move,sales_team.group_sale_salesman_all_leads,1,1,1,1
access_account_move_line_salesman,account.move.line.salesman,account.model_account_move_line,sales_team.group_sale_salesman_all_leads,1,1,1,1
access_account_partial_reconcile_salesman,account.partial.reconcile.group.salesman,account.model_account_partial_reconcile,sales_team.group_sale_salesman_all_leads,1,1,1,0
access_account_account_type_salesman,account.account.type.salesman,account.model_account_account_type,sales_team.group_sale_salesman_all_leads,1,0,0,0
access_account_asset_depreciation_line_salesman,account.asset.depreciation.line.salesman,account_asset.model_account_asset_depreciation_line,sales_team.group_sale_salesman_all_leads,1,0,1,0
access_account_analytic_line_salesman,account.analytic.line.salesman,account.model_account_analytic_line,sales_team.group_sale_salesman_all_leads,1,1,1,1